param_type,group_id,bmi_noise_std,age_noise_std,gc_noise_std,c_min,p_target,achievement_time_mean,achievement_time_std,achievement_time_min,achievement_time_max,success_prob_mean,success_prob_std,n_runs
feature_noise,0,0.0,0.0,0.0,0.04,0.75,134.0,0.0,134.0,134.0,0.6912863719772615,1.1214946133455537e-16,50
feature_noise,0,0.0,0.0,0.0032799548371410963,0.04,0.75,134.0,0.0,134.0,134.0,0.6913021294162961,0.00013280700826957402,50
feature_noise,0,0.0,0.0,0.007667542263649408,0.04,0.75,134.0,0.0,134.0,134.0,0.6912477575936623,0.00022457683075950347,50
feature_noise,0,0.0,0.0,-0.08874810298210642,0.04,0.75,134.0,0.0,134.0,134.0,0.6912806374828206,0.0006099041011396982,50
feature_noise,0,0.0,0.0,-0.08931306215848628,0.04,0.75,133.86,0.3505098327538656,133.0,134.0,0.6915223258477039,0.0012528454035023837,50
feature_noise,0,0.0,0.5,0.0,0.04,0.75,133.92,0.27404751561786966,133.0,134.0,0.6912827622302722,0.0010425866379421508,50
feature_noise,0,0.0,0.5,0.0043751224861987,0.04,0.75,133.94,0.23989793748209523,133.0,134.0,0.691249306388057,0.0010828368346797838,50
feature_noise,0,0.0,0.5,-0.021165621016752744,0.04,0.75,133.9,0.30304576336566325,133.0,134.0,0.6913473963951065,0.0010666555744555954,50
feature_noise,0,0.0,0.5,-0.005457257578066726,0.04,0.75,133.92,0.4444671196029727,133.0,135.0,0.6913063350675466,0.0013367438218034812,50
feature_noise,0,0.0,0.5,-0.11814790679288201,0.04,0.75,133.9,0.41649656391752143,133.0,135.0,0.6913286677812934,0.0014940637167364292,50
feature_noise,0,0.0,1.0,0.0,0.04,0.75,133.76,0.517450579322138,133.0,135.0,0.6919743514847637,0.002073174022213128,50
feature_noise,0,0.0,1.0,-0.0044301215324146735,0.04,0.75,133.9,0.614451804788759,133.0,135.0,0.6911687218016865,0.0022298688482116657,50
feature_noise,0,0.0,1.0,0.040019262031803074,0.04,0.75,133.72,0.5728553615932407,132.0,135.0,0.6919680444888782,0.0020227214686550227,50
feature_noise,0,0.0,1.0,0.07717464280072767,0.04,0.75,133.98,0.6223720260226275,133.0,136.0,0.6909050074526981,0.0021870157291549127,50
feature_noise,0,0.0,1.0,0.11656720898838191,0.04,0.75,133.82,0.6605501726683939,133.0,135.0,0.6914042821198624,0.0025262742089577463,50
feature_noise,0,0.0,2.0,0.0,0.04,0.75,133.8,1.261680123761121,131.0,137.0,0.6916014065106026,0.00491779742268509,50
feature_noise,0,0.0,2.0,0.004997881042957989,0.04,0.75,133.84,1.1842503872035832,131.0,136.0,0.6913377687514644,0.004625937149386924,50
feature_noise,0,0.0,2.0,-0.0172396471062675,0.04,0.75,134.16,0.9553287712743136,132.0,136.0,0.6901368487175938,0.003954031677627788,50
feature_noise,0,0.0,2.0,0.04879920251470259,0.04,0.75,133.76,1.152813771533258,131.0,136.0,0.6920439844111657,0.004495170038736993,50
feature_noise,0,0.0,2.0,-0.03341207333803085,0.04,0.75,134.06,1.4485742462638138,130.0,137.0,0.6908560552335773,0.005471633089875056,50
feature_noise,0,0.0,3.0,0.0,0.04,0.75,134.44,1.5274361605284184,131.0,138.0,0.6893454613593736,0.006036031364578369,50
feature_noise,0,0.0,3.0,0.0015154079576526617,0.04,0.75,133.44,1.6432918679483892,131.0,137.0,0.6929904172018272,0.006638638959829389,50
feature_noise,0,0.0,3.0,-0.0007551006889706117,0.04,0.75,134.02,1.8679902984496577,130.0,139.0,0.6906574620602332,0.007243820493977925,50
feature_noise,0,0.0,3.0,0.06980457846223719,0.04,0.75,134.2,1.7023393268304265,131.0,138.0,0.6901275907557358,0.006783534830555373,50
feature_noise,0,0.0,3.0,0.12993469305535404,0.04,0.75,134.1,1.7291026338443145,130.0,139.0,0.6907233428532771,0.006620854838257017,50
feature_noise,0,0.2,0.0,0.0,0.04,0.75,133.92,0.27404751561786966,133.0,134.0,0.6912551839781238,0.0010742815459937622,50
feature_noise,0,0.2,0.0,0.0006101485541420536,0.04,0.75,133.96,0.282842712474619,133.0,135.0,0.6913875981377628,0.0009412096549620037,50
feature_noise,0,0.2,0.0,0.006365824053062295,0.04,0.75,133.88,0.3282607226593159,133.0,134.0,0.6914692900500473,0.0009070724791339047,50
feature_noise,0,0.2,0.0,0.025955149897841086,0.04,0.75,133.92,0.3958973274443148,133.0,135.0,0.6912276449763135,0.001317814715275674,50
feature_noise,0,0.2,0.0,-0.05002148587562626,0.04,0.75,133.84,0.5841442371503106,133.0,135.0,0.691392373288297,0.0018008133677431017,50
feature_noise,0,0.2,0.5,0.0,0.04,0.75,133.9,0.5050762722761054,133.0,135.0,0.6913985733201854,0.001713523278030604,50
feature_noise,0,0.2,0.5,-0.004260855702310654,0.04,0.75,133.88,0.47979587496419046,133.0,135.0,0.691473825847361,0.0015828232385255605,50
feature_noise,0,0.2,0.5,0.0168840238138577,0.04,0.75,133.84,0.3703280399090207,133.0,134.0,0.691444365116932,0.001575898771370166,50
feature_noise,0,0.2,0.5,-0.05110436229883484,0.04,0.75,133.82,0.38808793449160356,133.0,134.0,0.6916692369099643,0.001353825380868272,50
feature_noise,0,0.2,0.5,-0.08759244140817352,0.04,0.75,133.94,0.5858884758402823,133.0,135.0,0.6911857758677058,0.0020609832197379828,50
feature_noise,0,0.2,1.0,0.0,0.04,0.75,134.0,0.6700593942604899,133.0,135.0,0.6908092753294102,0.0026980090309506924,50
feature_noise,0,0.2,1.0,-0.010051063888453775,0.04,0.75,133.84,0.6502746672423453,133.0,135.0,0.6914307533944085,0.002208495545955694,50
feature_noise,0,0.2,1.0,-0.036939923543812536,0.04,0.75,133.9,0.6468132241526726,133.0,135.0,0.6913049962991916,0.002601025083562368,50
feature_noise,0,0.2,1.0,-0.001835359780949767,0.04,0.75,134.02,0.7420325093268887,133.0,135.0,0.6907691410371821,0.0026277088358771595,50
feature_noise,0,0.2,1.0,-0.1382761606092826,0.04,0.75,134.08,0.6951728606055109,132.0,135.0,0.6905380005804038,0.0026592521316115485,50
feature_noise,0,0.2,2.0,0.0,0.04,0.75,133.92,1.3376799897965286,131.0,136.0,0.691306330523384,0.005231563809402303,50
feature_noise,0,0.2,2.0,-0.005603514924222011,0.04,0.75,133.96,1.1598733217248252,131.0,136.0,0.6913397826769596,0.004608525504520457,50
feature_noise,0,0.2,2.0,0.02926347000416997,0.04,0.75,134.14,1.2937841980100115,132.0,137.0,0.6902802495878637,0.005061305682203927,50
feature_noise,0,0.2,2.0,0.06329668132784091,0.04,0.75,134.08,1.2751950631097941,132.0,138.0,0.6906060072895468,0.005074582581963134,50
feature_noise,0,0.2,2.0,-0.036921329146881045,0.04,0.75,133.7,1.265717510476382,131.0,136.0,0.6916961174351655,0.005065661237647579,50
feature_noise,0,0.2,3.0,0.0,0.04,0.75,133.72,1.6664761795905925,130.0,137.0,0.6920556636117441,0.006839866632340988,50
feature_noise,0,0.2,3.0,0.009973845837063676,0.04,0.75,133.84,1.6457738084473905,131.0,138.0,0.691551086396575,0.0063046622486441686,50
feature_noise,0,0.2,3.0,0.016659024152453693,0.04,0.75,134.16,1.6457738084473905,131.0,139.0,0.6904430401459148,0.006673933266797051,50
feature_noise,0,0.2,3.0,0.031035641961427354,0.04,0.75,133.96,1.6030583016120614,130.0,137.0,0.6909833656049923,0.006455669927570689,50
feature_noise,0,0.2,3.0,-0.17905510194518975,0.04,0.75,133.48,1.887012540109528,129.0,137.0,0.6930146663416926,0.007503809411799505,50
feature_noise,0,0.5,0.0,0.0,0.04,0.75,134.12,0.6272713828600043,133.0,136.0,0.6904816566543147,0.0024855409386580103,50
feature_noise,0,0.5,0.0,-0.008694084448546713,0.04,0.75,133.92,0.8533248298896045,132.0,136.0,0.6914570238067731,0.0031257480487273523,50
feature_noise,0,0.5,0.0,0.0255553272718332,0.04,0.75,133.82,0.7475128829686359,132.0,135.0,0.691668499414713,0.0027904660471225386,50
feature_noise,0,0.5,0.0,0.08890080384036439,0.04,0.75,133.98,0.9365590516047866,132.0,137.0,0.6908890057810717,0.00336207111668702,50
feature_noise,0,0.5,0.0,0.01865941445080283,0.04,0.75,133.72,0.6712765785411847,133.0,135.0,0.6918427672201161,0.002505577553721559,50
feature_noise,0,0.5,0.5,0.0,0.04,0.75,133.92,0.8040712731125879,132.0,136.0,0.6912957997862352,0.003052060521180945,50
feature_noise,0,0.5,0.5,0.018233619727003787,0.04,0.75,133.98,0.6223720260226275,133.0,135.0,0.6909371052834175,0.002411226080099313,50
feature_noise,0,0.5,0.5,-0.02727994171954092,0.04,0.75,133.9,0.7071067811865476,132.0,135.0,0.6914913322731864,0.002914051527577031,50
feature_noise,0,0.5,0.5,0.07352868696123067,0.04,0.75,133.98,0.8449127475783569,132.0,136.0,0.6909910605995278,0.0032865546396869064,50
feature_noise,0,0.5,0.5,0.010121536575725322,0.04,0.75,133.76,0.8935140440635366,132.0,136.0,0.6918241242912043,0.003659867234356382,50
feature_noise,0,0.5,1.0,0.0,0.04,0.75,133.82,0.8253632471802451,132.0,135.0,0.691663391099256,0.003206554259700882,50
feature_noise,0,0.5,1.0,0.005746678404813418,0.04,0.75,133.94,0.9348141799418793,132.0,137.0,0.6912767605296588,0.0033777410571226704,50
feature_noise,0,0.5,1.0,-0.017717224327614172,0.04,0.75,133.62,0.9665845613735584,132.0,136.0,0.6920270832805354,0.003647781263618798,50
feature_noise,0,0.5,1.0,-0.08537221123312476,0.04,0.75,133.82,0.9409070742900065,132.0,136.0,0.6914196425551286,0.00349861882984778,50
feature_noise,0,0.5,1.0,0.04450065611410122,0.04,0.75,134.12,0.9178501945262292,133.0,136.0,0.6903740625293007,0.003600250986259915,50
feature_noise,0,0.5,2.0,0.0,0.04,0.75,133.74,1.306342455960495,131.0,137.0,0.6918821390694196,0.005342755169765711,50
feature_noise,0,0.5,2.0,0.005201122324227964,0.04,0.75,133.9,1.3887301496588271,131.0,137.0,0.6915481511972648,0.005232647652366048,50
feature_noise,0,0.5,2.0,-0.017905595397817466,0.04,0.75,133.86,1.2937841980100115,131.0,137.0,0.6912131506575178,0.0051626802332159286,50
feature_noise,0,0.5,2.0,0.007168508503975178,0.04,0.75,134.04,1.2929952570268297,131.0,137.0,0.6907594637485994,0.004695004869150148,50
feature_noise,0,0.5,2.0,-0.18340489371044397,0.04,0.75,134.0,1.355261854357877,131.0,136.0,0.6911158371916968,0.0053917249282602,50
feature_noise,0,0.5,3.0,0.0,0.04,0.75,134.28,1.5913028932164939,131.0,139.0,0.6897911690918263,0.006342567379675732,50
feature_noise,0,0.5,3.0,0.011274027270645784,0.04,0.75,133.74,1.8605463318770712,131.0,138.0,0.6922907345457012,0.007540296770218199,50
feature_noise,0,0.5,3.0,0.0014759362769485483,0.04,0.75,133.68,1.889174314836176,130.0,138.0,0.6921414590124328,0.007972812110915668,50
feature_noise,0,0.5,3.0,0.07562417233322016,0.04,0.75,134.64,1.8709377764279886,130.0,139.0,0.6885817516847128,0.007507705207457465,50
feature_noise,0,0.5,3.0,-0.0808268443432693,0.04,0.75,133.58,1.9387561760582692,130.0,139.0,0.6924201925995445,0.007657279647109046,50
feature_noise,0,1.0,0.0,0.0,0.04,0.75,133.78,1.418392306343304,131.0,137.0,0.6920230085729356,0.005902644518411594,50
feature_noise,0,1.0,0.0,0.0073195872931211,0.04,0.75,133.92,1.3528503544859103,131.0,136.0,0.6913692826991926,0.005121360268458164,50
feature_noise,0,1.0,0.0,-0.0049733378421472135,0.04,0.75,133.74,1.6636571467825987,130.0,140.0,0.6916624716845469,0.006387330119778371,50
feature_noise,0,1.0,0.0,-0.036864207477040695,0.04,0.75,133.92,1.3223355960464154,131.0,137.0,0.6912106150533535,0.005002292289896926,50
feature_noise,0,1.0,0.0,-0.13973865970634738,0.04,0.75,134.0,1.5779087167410373,131.0,138.0,0.6908289997722489,0.006048267634374116,50
feature_noise,0,1.0,0.5,0.0,0.04,0.75,133.76,1.4222718245318449,130.0,137.0,0.6916212502746972,0.005928118033285312,50
feature_noise,0,1.0,0.5,0.0036734144144368215,0.04,0.75,133.56,1.1277573917708887,131.0,136.0,0.6927732975540679,0.004737235000881604,50
feature_noise,0,1.0,0.5,-0.025433931085993854,0.04,0.75,133.84,1.2992933715316655,131.0,137.0,0.6914154069141145,0.0053408468180335044,50
feature_noise,0,1.0,0.5,0.14618216788023297,0.04,0.75,134.04,1.4136362144974834,130.0,137.0,0.6904610367676461,0.0056947106169064135,50
feature_noise,0,1.0,0.5,-0.1818891395390853,0.04,0.75,134.14,1.578038048220845,132.0,137.0,0.6905990479461644,0.006120953351461018,50
feature_noise,0,1.0,1.0,0.0,0.04,0.75,133.9,1.2494896917525644,131.0,137.0,0.6910128354745367,0.005077107909531118,50
feature_noise,0,1.0,1.0,0.0077438678692343145,0.04,0.75,133.4,1.6413036132965795,129.0,137.0,0.6933284515069594,0.006538769115507408,50
feature_noise,0,1.0,1.0,-0.019225568446093237,0.04,0.75,133.78,1.4039303430595358,130.0,137.0,0.6916869032221892,0.005429456293733077,50
feature_noise,0,1.0,1.0,-0.10741043401688183,0.04,0.75,133.92,1.7123798930024798,130.0,137.0,0.6911901548030878,0.006493937064626942,50
feature_noise,0,1.0,1.0,0.048167506227572036,0.04,0.75,134.0,1.4142135623730951,130.0,137.0,0.6908110525865936,0.005732546781041407,50
feature_noise,0,1.0,2.0,0.0,0.04,0.75,133.98,2.0151467258069853,129.0,138.0,0.691033328306471,0.008102973862893267,50
feature_noise,0,1.0,2.0,-0.017581025876447137,0.04,0.75,134.46,2.1965650364110947,129.0,141.0,0.6893330974894912,0.008781493925989254,50
feature_noise,0,1.0,2.0,-0.0019123783343318458,0.04,0.75,134.1,1.7291026338443145,130.0,137.0,0.690609130858197,0.006846911965535925,50
feature_noise,0,1.0,2.0,-0.0743703169226616,0.04,0.75,134.02,1.9111915291839514,130.0,138.0,0.6908163960846977,0.007640487485885523,50
feature_noise,0,1.0,2.0,-0.17886553840741176,0.04,0.75,133.64,1.7114261864996503,128.0,136.0,0.6921754624695101,0.006648610675293138,50
feature_noise,0,1.0,3.0,0.0,0.04,0.75,134.0,2.390457218668787,130.0,139.0,0.6909993685766491,0.009442439428629448,50
feature_noise,0,1.0,3.0,0.0195022829984733,0.04,0.75,134.18,2.1351289212139113,130.0,140.0,0.6904158444446766,0.008397511501689806,50
feature_noise,0,1.0,3.0,0.01576557361642573,0.04,0.75,134.58,2.1673834502478244,129.0,140.0,0.6887827469798989,0.008608723891201549,50
feature_noise,0,1.0,3.0,-0.00014652129126302223,0.04,0.75,133.88,2.163142083514023,130.0,139.0,0.6913807859476977,0.008612901832918265,50
feature_noise,0,1.0,3.0,-0.06524169243963687,0.04,0.75,133.66,1.9960164409776437,130.0,139.0,0.6921391585618923,0.00776046020776094,50
feature_noise,0,1.5,0.0,0.0,0.04,0.75,134.14,2.0304819976688155,130.0,138.0,0.690338609950067,0.008259783792261268,50
feature_noise,0,1.5,0.0,0.011722371348637751,0.04,0.75,133.92,1.8718102119039086,129.0,138.0,0.691122969073054,0.007095751574829234,50
feature_noise,0,1.5,0.0,-0.025730914058466847,0.04,0.75,133.92,2.0186881980177938,130.0,138.0,0.6912286371664805,0.008308947422342894,50
feature_noise,0,1.5,0.0,-0.016782013257525877,0.04,0.75,133.58,1.667088382020998,130.0,137.0,0.6923857163972634,0.006583059568171152,50
feature_noise,0,1.5,0.0,-0.04874157776371357,0.04,0.75,134.34,2.24617588858241,131.0,139.0,0.6895599213265524,0.008772231829276115,50
feature_noise,0,1.5,0.5,0.0,0.04,0.75,133.92,2.397617865417971,129.0,139.0,0.6912663111284991,0.009458579258101535,50
feature_noise,0,1.5,0.5,-0.010486373494254147,0.04,0.75,134.14,2.1093571900230748,130.0,139.0,0.6902438029344592,0.008486968418671026,50
feature_noise,0,1.5,0.5,0.020416433228937856,0.04,0.75,133.64,2.097228491828865,129.0,137.0,0.6923243241867916,0.008060117002826396,50
feature_noise,0,1.5,0.5,-0.0346283256639665,0.04,0.75,134.0,2.1946130708196026,129.0,140.0,0.6912320132960358,0.008732070953959895,50
feature_noise,0,1.5,0.5,-0.14432043050860485,0.04,0.75,134.0,2.0,130.0,139.0,0.691355969144326,0.007978287552557438,50
feature_noise,0,1.5,1.0,0.0,0.04,0.75,133.88,2.0960604446807114,129.0,139.0,0.6913666750914029,0.00823760518789031,50
feature_noise,0,1.5,1.0,0.0013692508502200743,0.04,0.75,134.18,2.096547210076995,130.0,139.0,0.6901302383325091,0.008472079911197345,50
feature_noise,0,1.5,1.0,-0.01578505787842432,0.04,0.75,134.58,2.1004372722587736,130.0,138.0,0.6885068571454741,0.00815396878508887,50
feature_noise,0,1.5,1.0,0.054405314637541585,0.04,0.75,134.24,2.0855185818165323,130.0,139.0,0.6901633971480892,0.008388589120863526,50
feature_noise,0,1.5,1.0,-0.026118189516102237,0.04,0.75,133.86,2.2224274281670904,129.0,139.0,0.6917329137140834,0.008722760768022267,50
feature_noise,0,1.5,2.0,0.0,0.04,0.75,134.54,2.5331274531451338,129.0,140.0,0.6888040501513041,0.010050966291364757,50
feature_noise,0,1.5,2.0,0.001000910728285757,0.04,0.75,134.08,2.448156324207076,128.0,139.0,0.6907157351832268,0.00987136007120812,50
feature_noise,0,1.5,2.0,-0.012582621018839868,0.04,0.75,134.5,2.366863075111556,130.0,139.0,0.6891750630471501,0.00937657220290217,50
feature_noise,0,1.5,2.0,0.031660319994306116,0.04,0.75,133.68,2.3685007744071664,127.0,139.0,0.6925139839770003,0.009640784479246824,50
feature_noise,0,1.5,2.0,0.013118245451661865,0.04,0.75,134.14,2.7554028558378145,128.0,142.0,0.6905423165544309,0.010463386820336158,50
feature_noise,0,1.5,3.0,0.0,0.04,0.75,134.52,2.557422171497171,128.0,140.0,0.688784630511905,0.010255687860857957,50
feature_noise,0,1.5,3.0,0.008665217208419668,0.04,0.75,133.28,2.4331050121192876,129.0,139.0,0.6937291766974774,0.009622340426343023,50
feature_noise,0,1.5,3.0,-0.0033451468852585377,0.04,0.75,133.88,2.3615975222596375,129.0,139.0,0.6911208936898129,0.00939741257675522,50
feature_noise,0,1.5,3.0,0.03803957315304535,0.04,0.75,133.3,2.6283384989962997,127.0,140.0,0.6937004330419205,0.010483684411944728,50
feature_noise,0,1.5,3.0,-0.12209542782597692,0.04,0.75,134.32,3.1651159826574236,127.0,142.0,0.6895213378657735,0.012645683120164003,50
model_params,0,0.0,0.0,0.0,0.035,0.7,118.0,0.0,118.0,118.0,0.7113407418441411,0.0,50
model_params,0,0.0,0.0,0.0,0.035,0.75,129.0,0.0,129.0,129.0,0.7113407418441411,0.0,50
model_params,0,0.0,0.0,0.0,0.035,0.8,141.0,0.0,141.0,141.0,0.7113407418441411,0.0,50
model_params,0,0.0,0.0,0.0,0.035,0.85,154.0,0.0,154.0,154.0,0.7113407418441411,0.0,50
model_params,0,0.0,0.0,0.0,0.04,0.7,122.0,0.0,122.0,122.0,0.6912863719772615,1.1214946133455537e-16,50
model_params,0,0.0,0.0,0.0,0.04,0.75,134.0,0.0,134.0,134.0,0.6912863719772615,1.1214946133455537e-16,50
model_params,0,0.0,0.0,0.0,0.04,0.8,146.0,0.0,146.0,146.0,0.6912863719772615,1.1214946133455537e-16,50
model_params,0,0.0,0.0,0.0,0.04,0.85,160.0,0.0,160.0,160.0,0.6912863719772615,1.1214946133455537e-16,50
model_params,0,0.0,0.0,0.0,0.045,0.7,127.0,0.0,127.0,127.0,0.6706446765964909,1.1214946133455537e-16,50
model_params,0,0.0,0.0,0.0,0.045,0.75,139.0,0.0,139.0,139.0,0.6706446765964909,1.1214946133455537e-16,50
model_params,0,0.0,0.0,0.0,0.045,0.8,152.0,0.0,152.0,152.0,0.6706446765964909,1.1214946133455537e-16,50
model_params,0,0.0,0.0,0.0,0.045,0.85,167.0,0.0,167.0,167.0,0.6706446765964909,1.1214946133455537e-16,50
model_params,0,0.0,0.0,0.0,0.05,0.7,133.0,0.0,133.0,133.0,0.6494693114206832,0.0,50
model_params,0,0.0,0.0,0.0,0.05,0.75,145.0,0.0,145.0,145.0,0.6494693114206832,0.0,50
model_params,0,0.0,0.0,0.0,0.05,0.8,158.0,0.0,158.0,158.0,0.6494693114206832,0.0,50
model_params,0,0.0,0.0,0.0,0.05,0.85,174.0,0.0,174.0,174.0,0.6494693114206832,0.0,50
feature_noise,1,0.0,0.0,0.0,0.04,0.75,139.0,0.0,139.0,139.0,0.6716071832064615,0.0,50
feature_noise,1,0.0,0.0,0.0013341666954357451,0.04,0.75,139.0,0.0,139.0,139.0,0.6716085875580257,0.00012034535377419374,50
feature_noise,1,0.0,0.0,-0.030331001834751074,0.04,0.75,138.98,0.1414213562373095,138.0,139.0,0.6716667005939617,0.0003101213263902385,50
feature_noise,1,0.0,0.0,0.046746324142182535,0.04,0.75,138.88,0.3282607226593159,138.0,139.0,0.6714695072437548,0.0006967199001794743,50
feature_noise,1,0.0,0.0,0.08204992053797411,0.04,0.75,138.68,0.4712120714991613,138.0,139.0,0.6716841257341535,0.001371960110237354,50
feature_noise,1,0.0,0.5,0.0,0.04,0.75,138.78,0.41845195759648035,138.0,139.0,0.6715119590423813,0.0010893937567555618,50
feature_noise,1,0.0,0.5,-0.008946984417739534,0.04,0.75,138.88,0.3282607226593159,138.0,139.0,0.6711760801178567,0.0009989707548011446,50
feature_noise,1,0.0,0.5,0.006244009132670734,0.04,0.75,138.86,0.3505098327538656,138.0,139.0,0.6713685303462371,0.000992973970418304,50
feature_noise,1,0.0,0.5,0.1484536095237201,0.04,0.75,138.7,0.4629100498862757,138.0,139.0,0.6714755201229095,0.001357608803890646,50
feature_noise,1,0.0,0.5,-0.047458447361486925,0.04,0.75,138.82,0.5955618167335952,138.0,140.0,0.6713004056054476,0.0019194068730150986,50
feature_noise,1,0.0,1.0,0.0,0.04,0.75,138.76,0.6869037302955032,137.0,140.0,0.671453765770643,0.0024006784069209703,50
feature_noise,1,0.0,1.0,-0.0072763214427795896,0.04,0.75,138.86,0.6064281507654607,138.0,140.0,0.6712198404131346,0.0021272896226113094,50
feature_noise,1,0.0,1.0,-0.008237158320631467,0.04,0.75,138.6,0.49487165930539345,138.0,139.0,0.6720899621114264,0.0019837892780282885,50
feature_noise,1,0.0,1.0,-0.05303584565645626,0.04,0.75,138.66,0.7174216873994125,137.0,140.0,0.6716679927724989,0.002263879603734085,50
feature_noise,1,0.0,1.0,0.009118869396835061,0.04,0.75,138.68,0.6833291853200799,137.0,140.0,0.6715610047783762,0.0023106798080754286,50
feature_noise,1,0.0,2.0,0.0,0.04,0.75,138.4,1.228903609577518,136.0,142.0,0.6726877823481151,0.00462173239950226,50
feature_noise,1,0.0,2.0,0.01065668069030618,0.04,0.75,138.74,1.258603048086672,135.0,141.0,0.6715551777358774,0.004488903852270898,50
feature_noise,1,0.0,2.0,-0.013404824790777519,0.04,0.75,138.7,1.0926470386270253,136.0,141.0,0.6712510838175898,0.003997219632357803,50
feature_noise,1,0.0,2.0,-0.08083854656042087,0.04,0.75,138.7,1.3887301496588271,136.0,142.0,0.6716149139020693,0.005109799944230338,50
feature_noise,1,0.0,2.0,0.06515632657194788,0.04,0.75,138.64,1.0253919111386491,137.0,141.0,0.6717849740859676,0.0038244666513575234,50
feature_noise,1,0.0,3.0,0.0,0.04,0.75,138.26,1.7000600229499703,134.0,141.0,0.6733298537007157,0.006353057950056271,50
feature_noise,1,0.0,3.0,-0.006832366692929935,0.04,0.75,138.78,1.4468826447763836,136.0,143.0,0.6713940675382745,0.005298135986943282,50
feature_noise,1,0.0,3.0,0.0025913608167006897,0.04,0.75,138.92,1.7709676819784843,134.0,143.0,0.670953126229152,0.00670986806314535,50
feature_noise,1,0.0,3.0,-0.028946069127196095,0.04,0.75,138.76,1.519398377178095,136.0,142.0,0.6715365340965284,0.005736800216083639,50
feature_noise,1,0.0,3.0,-0.0893932435281175,0.04,0.75,138.9,1.4742691028964496,136.0,142.0,0.6708158731467287,0.005731181653450718,50
feature_noise,1,0.2,0.0,0.0,0.04,0.75,138.78,0.41845195759648035,138.0,139.0,0.6717164861925768,0.001218217005202415,50
feature_noise,1,0.2,0.0,-0.009890342848495,0.04,0.75,138.78,0.4184519575964803,138.0,139.0,0.6716255697204242,0.0010217821314689886,50
feature_noise,1,0.2,0.0,0.0124877851460758,0.04,0.75,138.7,0.4629100498862757,138.0,139.0,0.671718503382129,0.0010381215878143499,50
feature_noise,1,0.2,0.0,-0.04346918742276448,0.04,0.75,138.86,0.3505098327538656,138.0,139.0,0.6711526102301787,0.0010676051779736865,50
feature_noise,1,0.2,0.0,0.08276728425567059,0.04,0.75,138.78,0.5066899385990914,138.0,140.0,0.6711457039599944,0.0015492133848963381,50
feature_noise,1,0.2,0.5,0.0,0.04,0.75,138.72,0.536047515408392,138.0,140.0,0.6713546788665883,0.001605706333320948,50
feature_noise,1,0.2,0.5,0.010380075760552372,0.04,0.75,138.78,0.5066899385990914,138.0,140.0,0.6713567613936549,0.0014747745438356314,50
feature_noise,1,0.2,0.5,-0.02601677332116026,0.04,0.75,138.7,0.5050762722761054,138.0,140.0,0.6715905487509178,0.0015286189881204195,50
feature_noise,1,0.2,0.5,-0.019388645770801415,0.04,0.75,138.82,0.5225526045191966,138.0,140.0,0.6711967472721085,0.001582125568796568,50
feature_noise,1,0.2,0.5,0.07387923852598553,0.04,0.75,138.66,0.5928141120356123,137.0,140.0,0.6716328164921596,0.0020134125272948133,50
feature_noise,1,0.2,1.0,0.0,0.04,0.75,138.68,0.586932530976404,138.0,140.0,0.6717446077701068,0.002087574364397595,50
feature_noise,1,0.2,1.0,-0.0027061445772212033,0.04,0.75,138.66,0.823382768627975,137.0,141.0,0.6715674898895456,0.0028101351652267746,50
feature_noise,1,0.2,1.0,0.006272245122709218,0.04,0.75,138.64,0.5252793231671495,138.0,140.0,0.6717691504690305,0.001789422088052289,50
feature_noise,1,0.2,1.0,0.07346866066776483,0.04,0.75,138.9,0.6776309271789385,138.0,140.0,0.670944380183369,0.0024980682798038723,50
feature_noise,1,0.2,1.0,0.1281260292258178,0.04,0.75,138.82,0.7475128829686359,137.0,141.0,0.6711670501334219,0.0027815120817459797,50
feature_noise,1,0.2,2.0,0.0,0.04,0.75,138.84,1.2674898864467905,136.0,142.0,0.671361161774477,0.0045978817552338805,50
feature_noise,1,0.2,2.0,-0.008153950930128741,0.04,0.75,138.68,1.1328130058056578,136.0,141.0,0.6718173233254713,0.004060092152277179,50
feature_noise,1,0.2,2.0,0.028590992653705554,0.04,0.75,138.48,1.1471348514219848,137.0,142.0,0.672551413006913,0.004093475197617823,50
feature_noise,1,0.2,2.0,-0.042724681079311426,0.04,0.75,138.5,1.1293848786315641,136.0,141.0,0.6722526563611331,0.004108643065446355,50
feature_noise,1,0.2,2.0,0.12292674810165194,0.04,0.75,138.92,1.3223355960464154,136.0,142.0,0.6710134290125528,0.004691342037300455,50
feature_noise,1,0.2,3.0,0.0,0.04,0.75,139.0,1.7023393268304265,135.0,143.0,0.6705142986688222,0.006504380304060681,50
feature_noise,1,0.2,3.0,0.008151655602984684,0.04,0.75,139.04,1.5902765771515135,136.0,144.0,0.6704817820348401,0.005976524057660581,50
feature_noise,1,0.2,3.0,-0.025911245610189152,0.04,0.75,138.36,1.758478006106185,133.0,144.0,0.673082427430891,0.0065523078600312245,50
feature_noise,1,0.2,3.0,0.05074666987695995,0.04,0.75,139.02,1.5970636320754283,136.0,142.0,0.6704340750293766,0.0060047246985352526,50
feature_noise,1,0.2,3.0,-0.040024852714514315,0.04,0.75,138.72,1.8739895236350381,135.0,144.0,0.6714357538497342,0.007002867771245544,50
feature_noise,1,0.5,0.0,0.0,0.04,0.75,138.82,0.6605501726683939,137.0,140.0,0.6710703411577603,0.002557213140341427,50
feature_noise,1,0.5,0.0,-0.007061372242607194,0.04,0.75,138.66,0.7982122882685139,137.0,140.0,0.6714037421952781,0.0030005819699466755,50
feature_noise,1,0.5,0.0,0.015470811857172521,0.04,0.75,138.54,0.885483840989242,137.0,141.0,0.672051181384762,0.0029382577739589253,50
feature_noise,1,0.5,0.0,-0.01904979957884214,0.04,0.75,138.66,0.8478062928547309,137.0,140.0,0.6714198256206768,0.0028933380215432443,50
feature_noise,1,0.5,0.0,0.024230706559473653,0.04,0.75,138.84,1.0173996465579918,137.0,141.0,0.6709792742452063,0.003822656389561151,50
feature_noise,1,0.5,0.5,0.0,0.04,0.75,138.64,0.8514093957572194,137.0,140.0,0.6717186196067026,0.0034193515034885253,50
feature_noise,1,0.5,0.5,-0.005098964072336639,0.04,0.75,138.74,0.8526070463643871,137.0,140.0,0.6714651081829064,0.0029697610002745512,50
feature_noise,1,0.5,0.5,-0.021017202046708046,0.04,0.75,138.64,0.8514093957572194,137.0,141.0,0.6715127276743991,0.003051100649556931,50
feature_noise,1,0.5,0.5,0.0341704013833391,0.04,0.75,138.68,0.8907689867497084,137.0,141.0,0.6714540901414129,0.003211017208435644,50
feature_noise,1,0.5,0.5,0.042405627622690595,0.04,0.75,138.74,0.8992059989632124,137.0,141.0,0.671620493624972,0.0030324384702181584,50
feature_noise,1,0.5,1.0,0.0,0.04,0.75,138.74,1.1214058232451638,137.0,142.0,0.6713809781058185,0.0038894174133400202,50
feature_noise,1,0.5,1.0,-0.004210767588270655,0.04,0.75,138.54,0.8621283582636919,137.0,141.0,0.672108993815998,0.003142046790732558,50
feature_noise,1,0.5,1.0,-0.01581469295514866,0.04,0.75,138.48,0.9946797248873835,137.0,140.0,0.672445544726739,0.0036003720540721228,50
feature_noise,1,0.5,1.0,0.014324537690144593,0.04,0.75,138.62,1.0279760181432012,136.0,141.0,0.6718975395466247,0.0035608947717777474,50
feature_noise,1,0.5,1.0,0.09490448458823603,0.04,0.75,138.74,1.103056976714055,137.0,141.0,0.6714260306498413,0.0039673909237202985,50
feature_noise,1,0.5,2.0,0.0,0.04,0.75,138.56,1.2480188381623747,136.0,141.0,0.6717219894346641,0.004795385828958328,50
feature_noise,1,0.5,2.0,-0.02310651339674044,0.04,0.75,138.42,1.0707616972253433,136.0,142.0,0.6728446475329309,0.0038442452114260226,50
feature_noise,1,0.5,2.0,-0.007197594842235663,0.04,0.75,138.6,1.2453996981544782,136.0,141.0,0.6719522549765131,0.004636331868573305,50
feature_noise,1,0.5,2.0,0.059289597600438164,0.04,0.75,138.62,1.193348914883263,136.0,141.0,0.6715718647156862,0.004537772619616834,50
feature_noise,1,0.5,2.0,-0.26169065733951613,0.04,0.75,138.9,1.4603605928757766,136.0,142.0,0.6709740574987305,0.005444286340514908,50
feature_noise,1,0.5,3.0,0.0,0.04,0.75,138.94,1.9209903908225707,135.0,143.0,0.6707823932030476,0.007195414796746221,50
feature_noise,1,0.5,3.0,0.002036492502600739,0.04,0.75,139.14,2.0899174868977046,135.0,144.0,0.6699610524654628,0.0076741456459228615,50
feature_noise,1,0.5,3.0,-0.01632263892327465,0.04,0.75,138.54,1.9294706898155105,133.0,142.0,0.6725967879243351,0.007465379928730882,50
feature_noise,1,0.5,3.0,-0.0443823581297003,0.04,0.75,138.94,1.7427400429045226,135.0,142.0,0.6707650733927533,0.00618250596743142,50
feature_noise,1,0.5,3.0,-0.07808047943841132,0.04,0.75,138.22,2.2523457160235854,133.0,144.0,0.6735102191189972,0.00864445195014011,50
feature_noise,1,1.0,0.0,0.0,0.04,0.75,138.68,1.6091574674661397,135.0,142.0,0.6718843263583218,0.005887744832980601,50
feature_noise,1,1.0,0.0,0.008825756619804925,0.04,0.75,138.94,1.2356936414460522,137.0,141.0,0.6705660923693761,0.00480347143567596,50
feature_noise,1,1.0,0.0,0.011292651799869062,0.04,0.75,139.06,1.3311035777481321,136.0,142.0,0.6700888365223393,0.005101809502416254,50
feature_noise,1,1.0,0.0,0.007965672331763545,0.04,0.75,138.76,1.5460284866821352,135.0,142.0,0.6715723637627973,0.005686756917536755,50
feature_noise,1,1.0,0.0,0.07235410204822901,0.04,0.75,138.5,1.164964745021435,136.0,141.0,0.6722952922304279,0.004497659357083028,50
feature_noise,1,1.0,0.5,0.0,0.04,0.75,139.24,1.4922931265372108,136.0,142.0,0.6696867678677644,0.005509729173211711,50
feature_noise,1,1.0,0.5,0.012033232233270193,0.04,0.75,138.66,1.4792441533790568,136.0,142.0,0.6720725940651502,0.005598907775395967,50
feature_noise,1,1.0,0.5,0.011403739057684967,0.04,0.75,138.56,1.3874069191061698,135.0,141.0,0.6721129682177945,0.004904446013133515,50
feature_noise,1,1.0,0.5,-0.02809824349197019,0.04,0.75,138.58,1.4298565648058437,136.0,142.0,0.6724576535457474,0.005318169436280765,50
feature_noise,1,1.0,0.5,-0.06684124604359205,0.04,0.75,138.6,1.4846149779161804,135.0,142.0,0.6719066225316594,0.005517833164872336,50
feature_noise,1,1.0,1.0,0.0,0.04,0.75,138.66,1.5334368495078534,136.0,142.0,0.6718159461282158,0.005568394644774602,50
feature_noise,1,1.0,1.0,0.01718483243097777,0.04,0.75,138.46,1.4315682851691152,133.0,141.0,0.6729492017155835,0.005619353252433188,50
feature_noise,1,1.0,1.0,-0.04426506781346859,0.04,0.75,138.56,1.4730227148171704,135.0,142.0,0.6721450034527183,0.005459139352899286,50
feature_noise,1,1.0,1.0,-0.09875568775029267,0.04,0.75,138.62,1.5764853701982076,136.0,142.0,0.6717531756390188,0.006153659494369994,50
feature_noise,1,1.0,1.0,-0.017531510476446174,0.04,0.75,138.68,2.0044847676331865,134.0,144.0,0.6717049405844955,0.007181625986948246,50
feature_noise,1,1.0,2.0,0.0,0.04,0.75,138.34,1.9336968928633533,134.0,143.0,0.6730302455249363,0.007110040267524693,50
feature_noise,1,1.0,2.0,0.001681863646908236,0.04,0.75,139.04,1.6408061731841406,136.0,142.0,0.6701725611073459,0.006033088411879567,50
feature_noise,1,1.0,2.0,0.02194683651164644,0.04,0.75,138.52,2.130823353369609,135.0,144.0,0.6724034456796584,0.008129622264963195,50
feature_noise,1,1.0,2.0,0.04718179867133895,0.04,0.75,139.2,1.9166296949998198,135.0,144.0,0.6699422123096614,0.007022802616899443,50
feature_noise,1,1.0,2.0,0.0680320521033843,0.04,0.75,138.56,2.021920687194758,135.0,143.0,0.6724842707593152,0.007584004871899201,50
feature_noise,1,1.0,3.0,0.0,0.04,0.75,138.98,2.394636864805542,133.0,144.0,0.6707093565471688,0.008944953609130628,50
feature_noise,1,1.0,3.0,-0.0010659842602405876,0.04,0.75,138.58,2.0212140219306267,135.0,145.0,0.6723902608986438,0.007606168684134731,50
feature_noise,1,1.0,3.0,-0.0066659952020109,0.04,0.75,138.48,2.0024474820497407,134.0,144.0,0.6726370421403114,0.007702655552461886,50
feature_noise,1,1.0,3.0,0.05169455053256018,0.04,0.75,138.62,2.275781991639223,135.0,143.0,0.6717651986278387,0.00867890232228484,50
feature_noise,1,1.0,3.0,-0.005609441204055675,0.04,0.75,138.64,2.126221137730178,136.0,144.0,0.6721032972675272,0.008017405144921044,50
feature_noise,1,1.5,0.0,0.0,0.04,0.75,138.72,2.000408121624491,135.0,142.0,0.6716269756066713,0.007460451587432091,50
feature_noise,1,1.5,0.0,0.010507908188324661,0.04,0.75,138.66,1.9231139713856729,134.0,143.0,0.6717905058575583,0.007183259605530419,50
feature_noise,1,1.5,0.0,-0.02061339530925159,0.04,0.75,138.74,2.301818269746501,134.0,145.0,0.6717951439105674,0.008648744271320901,50
feature_noise,1,1.5,0.0,0.03460219737540797,0.04,0.75,138.88,2.479631308999673,133.0,144.0,0.6709919677535161,0.009423018414020214,50
feature_noise,1,1.5,0.0,0.06352486283047902,0.04,0.75,139.08,2.448156324207076,135.0,144.0,0.6703534901685214,0.009067801992178758,50
feature_noise,1,1.5,0.5,0.0,0.04,0.75,138.12,2.1912627987216013,135.0,143.0,0.6739513299989163,0.008182477536280704,50
feature_noise,1,1.5,0.5,0.004399089228084279,0.04,0.75,138.48,2.149893210447098,134.0,145.0,0.6724333344978782,0.008094801975851227,50
feature_noise,1,1.5,0.5,0.012322919913945594,0.04,0.75,138.38,1.8393654629035656,135.0,143.0,0.6728245895393181,0.007021314348104527,50
feature_noise,1,1.5,0.5,-0.004688962767413007,0.04,0.75,138.64,2.2016691256352554,135.0,144.0,0.6719687421622379,0.008457727969214976,50
feature_noise,1,1.5,0.5,0.10737787793661727,0.04,0.75,138.44,2.442481174075715,133.0,144.0,0.6727548728498897,0.00958751706536533,50
feature_noise,1,1.5,1.0,0.0,0.04,0.75,139.1,2.6515301704672263,134.0,147.0,0.6702663312604739,0.009870643480369616,50
feature_noise,1,1.5,1.0,-0.004555182249448663,0.04,0.75,138.8,2.276768207215604,135.0,144.0,0.6713573455949579,0.008709562206983934,50
feature_noise,1,1.5,1.0,-0.030043580864209583,0.04,0.75,139.06,2.1324509229465307,134.0,145.0,0.670033453928479,0.007947642406886687,50
feature_noise,1,1.5,1.0,-0.046126842834821026,0.04,0.75,138.82,2.1062588944885774,135.0,144.0,0.6707960037201965,0.007812656277877689,50
feature_noise,1,1.5,1.0,-0.12215828997246443,0.04,0.75,139.06,2.6909523388190877,133.0,144.0,0.670421014182567,0.00999417111208397,50
feature_noise,1,1.5,2.0,0.0,0.04,0.75,138.78,2.3149029159349386,132.0,143.0,0.6716746523009247,0.008552295793832434,50
feature_noise,1,1.5,2.0,-0.008160637573026742,0.04,0.75,139.56,2.383275057562597,134.0,145.0,0.6686048070570435,0.00909399922840267,50
feature_noise,1,1.5,2.0,-0.025869908717027056,0.04,0.75,139.14,2.6030594244747736,134.0,146.0,0.6702496423983412,0.00946672973043333,50
feature_noise,1,1.5,2.0,-0.02500175390671519,0.04,0.75,138.96,2.618302924430562,132.0,144.0,0.6709008634431629,0.00974128976928224,50
feature_noise,1,1.5,2.0,-0.07901268641358455,0.04,0.75,138.34,2.3177223161314813,134.0,145.0,0.6731349784826479,0.00881513738486981,50
feature_noise,1,1.5,3.0,0.0,0.04,0.75,138.42,2.726214389581125,132.0,145.0,0.6727686944802119,0.010420618075869017,50
feature_noise,1,1.5,3.0,-0.00739960474991417,0.04,0.75,138.9,2.8873404187725336,133.0,147.0,0.6710224164772953,0.010945426092846655,50
feature_noise,1,1.5,3.0,-0.012807076302236486,0.04,0.75,138.66,2.5120931998829104,135.0,144.0,0.6719578825355496,0.009164085730554791,50
feature_noise,1,1.5,3.0,-0.012619519350830641,0.04,0.75,139.0,2.424366106925306,133.0,143.0,0.6707900067023594,0.009183903100917148,50
feature_noise,1,1.5,3.0,0.07691426693821504,0.04,0.75,137.94,2.675741362077937,132.0,144.0,0.6745395314490863,0.010171100409173472,50
model_params,1,0.0,0.0,0.0,0.035,0.7,122.0,0.0,122.0,122.0,0.6915728242063625,1.1214946133455537e-16,50
model_params,1,0.0,0.0,0.0,0.035,0.75,134.0,0.0,134.0,134.0,0.6915728242063625,1.1214946133455537e-16,50
model_params,1,0.0,0.0,0.0,0.035,0.8,145.0,0.0,145.0,145.0,0.6915728242063625,1.1214946133455537e-16,50
model_params,1,0.0,0.0,0.0,0.035,0.85,159.0,0.0,159.0,159.0,0.6915728242063625,1.1214946133455537e-16,50
model_params,1,0.0,0.0,0.0,0.04,0.7,127.0,0.0,127.0,127.0,0.6716071832064615,0.0,50
model_params,1,0.0,0.0,0.0,0.04,0.75,139.0,0.0,139.0,139.0,0.6716071832064615,0.0,50
model_params,1,0.0,0.0,0.0,0.04,0.8,151.0,0.0,151.0,151.0,0.6716071832064615,0.0,50
model_params,1,0.0,0.0,0.0,0.04,0.85,166.0,0.0,166.0,166.0,0.6716071832064615,0.0,50
model_params,1,0.0,0.0,0.0,0.045,0.7,132.0,0.0,132.0,132.0,0.6511390002275668,0.0,50
model_params,1,0.0,0.0,0.0,0.045,0.75,144.0,0.0,144.0,144.0,0.6511390002275668,0.0,50
model_params,1,0.0,0.0,0.0,0.045,0.8,157.0,0.0,157.0,157.0,0.6511390002275668,0.0,50
model_params,1,0.0,0.0,0.0,0.045,0.85,173.0,0.0,173.0,173.0,0.6511390002275668,0.0,50
model_params,1,0.0,0.0,0.0,0.05,0.7,138.0,0.0,138.0,138.0,0.6302212116200087,0.0,50
model_params,1,0.0,0.0,0.0,0.05,0.75,150.0,0.0,150.0,150.0,0.6302212116200087,0.0,50
model_params,1,0.0,0.0,0.0,0.05,0.8,164.0,0.0,164.0,164.0,0.6302212116200087,0.0,50
model_params,1,0.0,0.0,0.0,0.05,0.85,180.0,0.0,180.0,180.0,0.6302212116200087,0.0,50
feature_noise,2,0.0,0.0,0.0,0.04,0.75,144.0,0.0,144.0,144.0,0.6505776808323893,0.0,50
feature_noise,2,0.0,0.0,-0.009864129290567713,0.04,0.75,144.0,0.0,144.0,144.0,0.6505927470137012,0.00014167743185019871,50
feature_noise,2,0.0,0.0,-0.010090774512905909,0.04,0.75,144.0,0.0,144.0,144.0,0.6505905533877345,0.0002753029969090853,50
feature_noise,2,0.0,0.0,-0.001399733114166057,0.04,0.75,144.02,0.1414213562373095,144.0,145.0,0.6505695584806144,0.0005896611331680553,50
feature_noise,2,0.0,0.0,0.17532386824888369,0.04,0.75,144.18,0.38808793449160356,144.0,145.0,0.650522489059009,0.0011563842542952015,50
feature_noise,2,0.0,0.5,0.0,0.04,0.75,144.1,0.3642156795423418,143.0,145.0,0.6506521464131338,0.0010358961695310688,50
feature_noise,2,0.0,0.5,-0.009093575311312394,0.04,0.75,144.08,0.34046786536608525,143.0,145.0,0.6507400268702775,0.0010389709146281579,50
feature_noise,2,0.0,0.5,0.02666619182331561,0.04,0.75,144.14,0.49528388066742046,143.0,146.0,0.6504501323105051,0.001278517989711537,50
feature_noise,2,0.0,0.5,-0.016137544361370007,0.04,0.75,144.14,0.4952838806674205,143.0,145.0,0.6504827213164228,0.0013154156527871183,50
feature_noise,2,0.0,0.5,0.03744775050884499,0.04,0.75,144.16,0.509501557146486,143.0,145.0,0.650507289620186,0.001519083686049553,50
feature_noise,2,0.0,1.0,0.0,0.04,0.75,143.86,0.7561988724494884,142.0,145.0,0.6512898160119124,0.002491835442882794,50
feature_noise,2,0.0,1.0,-0.005079680581090853,0.04,0.75,144.2,0.6060915267313265,143.0,145.0,0.6503749350993483,0.002052629591270992,50
feature_noise,2,0.0,1.0,0.0023086487049159546,0.04,0.75,144.04,0.6375975315548971,143.0,146.0,0.6507460525855246,0.001834464639633742,50
feature_noise,2,0.0,1.0,-0.01562847086302722,0.04,0.75,144.08,0.6651683843898751,143.0,146.0,0.6505765671307047,0.0022136840583679086,50
feature_noise,2,0.0,1.0,0.04832027342094587,0.04,0.75,144.14,0.7561988724494884,143.0,146.0,0.650783512445699,0.0024483466733447525,50
feature_noise,2,0.0,2.0,0.0,0.04,0.75,144.0,1.2777531299998799,141.0,147.0,0.6512003645761475,0.004385841138601017,50
feature_noise,2,0.0,2.0,0.009040048218973964,0.04,0.75,143.86,1.0692358514950988,141.0,146.0,0.6516225713123611,0.003992352827371168,50
feature_noise,2,0.0,2.0,0.019696523744615183,0.04,0.75,144.48,1.3738074605910064,142.0,148.0,0.649545510792057,0.004764732895204767,50
feature_noise,2,0.0,2.0,-0.0314259420951132,0.04,0.75,144.14,1.2618418672556335,142.0,147.0,0.6504755552398241,0.004443174614696453,50
feature_noise,2,0.0,2.0,-0.012121922673976795,0.04,0.75,144.08,1.1752550743544647,142.0,146.0,0.6509962276850568,0.004089173629455043,50
feature_noise,2,0.0,3.0,0.0,0.04,0.75,144.2,1.5118578920369088,140.0,148.0,0.6504424622541625,0.005211574695168921,50
feature_noise,2,0.0,3.0,0.0012302895817239792,0.04,0.75,144.22,1.8658039794672747,138.0,148.0,0.6502537752850034,0.0067618108082972824,50
feature_noise,2,0.0,3.0,-0.022510966239994643,0.04,0.75,144.5,1.7641555764612098,141.0,149.0,0.6493631085963055,0.005980500369966432,50
feature_noise,2,0.0,3.0,-0.046582754792730253,0.04,0.75,143.96,1.590276577151514,140.0,148.0,0.6514124501533312,0.005527016779016007,50
feature_noise,2,0.0,3.0,-0.01186806715100555,0.04,0.75,144.16,1.9831947016089457,140.0,148.0,0.6506708004733511,0.007170970019329756,50
feature_noise,2,0.2,0.0,0.0,0.04,0.75,144.12,0.3282607226593159,144.0,145.0,0.6504028590660608,0.0010343738041906465,50
feature_noise,2,0.2,0.0,-0.029543093443139174,0.04,0.75,144.06,0.37307328163430276,143.0,145.0,0.6507593321699361,0.0010823230940755742,50
feature_noise,2,0.2,0.0,-0.02080750024850492,0.04,0.75,144.02,0.24660966430902953,143.0,145.0,0.6509078478282108,0.000993901776583074,50
feature_noise,2,0.2,0.0,-0.031321922634560115,0.04,0.75,144.22,0.41845195759648035,144.0,145.0,0.650228842735327,0.0012348555237893008,50
feature_noise,2,0.2,0.0,-0.0707764147347376,0.04,0.75,144.02,0.552914356581818,143.0,145.0,0.6508825877674401,0.001755766179230942,50
feature_noise,2,0.2,0.5,0.0,0.04,0.75,144.14,0.4952838806674205,143.0,145.0,0.6504980653463237,0.00154083443064805,50
feature_noise,2,0.2,0.5,-0.009586346320389755,0.04,0.75,144.14,0.5717856027482715,143.0,145.0,0.6506807715713488,0.0016804710203895917,50
feature_noise,2,0.2,0.5,0.0062626890704775996,0.04,0.75,144.0,0.5345224838248488,143.0,145.0,0.6510052683058599,0.00153011874723994,50
feature_noise,2,0.2,0.5,-0.07350046566218499,0.04,0.75,144.06,0.46991097723995795,143.0,145.0,0.6507250114869659,0.0014614980047210609,50
feature_noise,2,0.2,0.5,0.03229177977071978,0.04,0.75,144.14,0.6064281507654607,143.0,146.0,0.6506760201823499,0.0018722325824288837,50
feature_noise,2,0.2,1.0,0.0,0.04,0.75,144.28,0.7295511619887831,142.0,145.0,0.6500518183344919,0.0023242741121598603,50
feature_noise,2,0.2,1.0,0.002993424515035849,0.04,0.75,144.24,0.7439552323595164,143.0,146.0,0.6503664644450785,0.0026236690369381985,50
feature_noise,2,0.2,1.0,-0.002968447838530468,0.04,0.75,143.96,0.6688399948982643,142.0,146.0,0.6512735987884539,0.002283904595734744,50
feature_noise,2,0.2,1.0,0.0017296461917639392,0.04,0.75,144.02,0.7139999428342743,142.0,145.0,0.6509269653426191,0.002263211304640446,50
feature_noise,2,0.2,1.0,0.11860720843781768,0.04,0.75,144.36,0.6928203230275509,143.0,145.0,0.6499996828926448,0.002393734655988325,50
feature_noise,2,0.2,2.0,0.0,0.04,0.75,144.38,1.3536044096999624,140.0,147.0,0.6497321110942987,0.004753099423990057,50
feature_noise,2,0.2,2.0,0.0007151715228313984,0.04,0.75,144.3,1.1823532398033463,142.0,147.0,0.6498406331412656,0.004120395390198303,50
feature_noise,2,0.2,2.0,-0.002504357294802028,0.04,0.75,144.08,1.3376799897965286,142.0,147.0,0.6507952491032509,0.004575597259358583,50
feature_noise,2,0.2,2.0,0.014081855653151605,0.04,0.75,144.12,1.2394863979133635,141.0,147.0,0.6507351111120765,0.004339638247916722,50
feature_noise,2,0.2,2.0,0.09298515436998711,0.04,0.75,144.28,1.4291427429028343,142.0,147.0,0.6504603026194755,0.004733561448632044,50
feature_noise,2,0.2,3.0,0.0,0.04,0.75,144.12,2.479631308999673,138.0,151.0,0.6508275682197163,0.008702352628673726,50
feature_noise,2,0.2,3.0,-0.0013612980597177986,0.04,0.75,144.14,1.7843995159865578,140.0,149.0,0.6505861537482821,0.006061877339415617,50
feature_noise,2,0.2,3.0,0.0009183480730435392,0.04,0.75,144.18,1.3951812112571247,141.0,147.0,0.6506250759680001,0.005125955429857971,50
feature_noise,2,0.2,3.0,-0.019553042457202408,0.04,0.75,143.8,2.0,140.0,148.0,0.6519091916025986,0.006712010105315903,50
feature_noise,2,0.2,3.0,0.07494570673690751,0.04,0.75,144.44,1.8534028274544976,140.0,150.0,0.6495588608033942,0.006547436384367841,50
feature_noise,2,0.5,0.0,0.0,0.04,0.75,144.12,0.8722478584270713,143.0,146.0,0.6507538719402894,0.002843565320733646,50
feature_noise,2,0.5,0.0,-0.002341916410173968,0.04,0.75,144.02,0.795138288575757,142.0,146.0,0.6508047641362721,0.002447954760146848,50
feature_noise,2,0.5,0.0,0.028449115168978727,0.04,0.75,144.16,0.7655863432556721,142.0,146.0,0.6503315038451228,0.0027888359156238874,50
feature_noise,2,0.5,0.0,-0.0030846091652008208,0.04,0.75,144.02,0.8449127475783569,142.0,146.0,0.6511582395112431,0.0027283364298001478,50
feature_noise,2,0.5,0.0,-0.008795347553467657,0.04,0.75,144.16,0.9116032076310753,143.0,147.0,0.6505821020345887,0.0031606834314048,50
feature_noise,2,0.5,0.5,0.0,0.04,0.75,144.1,0.762648446573665,143.0,146.0,0.6507490545424451,0.002506414979446235,50
feature_noise,2,0.5,0.5,0.012106813572918786,0.04,0.75,144.22,0.6788345354580985,143.0,145.0,0.650364077445965,0.002323410681964568,50
feature_noise,2,0.5,0.5,0.010234108375472126,0.04,0.75,144.18,0.9189612592043082,143.0,147.0,0.6502659752480402,0.003094924190193724,50
feature_noise,2,0.5,0.5,-0.010206728279465373,0.04,0.75,144.2,0.8329931278350429,142.0,146.0,0.6503047163757673,0.0027644941115599776,50
feature_noise,2,0.5,0.5,-0.2000796020839565,0.04,0.75,143.96,0.87970310390518,142.0,146.0,0.6511279067369654,0.0028804551996018117,50
feature_noise,2,0.5,1.0,0.0,0.04,0.75,144.16,0.9971387638065798,142.0,146.0,0.650593713820608,0.003731977720071104,50
feature_noise,2,0.5,1.0,0.017318219318063537,0.04,0.75,144.1,0.8864052604279183,142.0,146.0,0.650911884594721,0.0027259296714694987,50
feature_noise,2,0.5,1.0,0.01733115975764798,0.04,0.75,144.1,1.0350983390135313,142.0,146.0,0.6510937323321895,0.003431498959532923,50
feature_noise,2,0.5,1.0,-0.047731636518157525,0.04,0.75,144.04,1.0872170051680254,142.0,146.0,0.6508960922366518,0.0038576171425542143,50
feature_noise,2,0.5,1.0,0.07060693409907902,0.04,0.75,144.28,1.1073041357186344,142.0,147.0,0.6502299027249221,0.0036668603306987224,50
feature_noise,2,0.5,2.0,0.0,0.04,0.75,144.28,1.4291427429028343,141.0,147.0,0.6500956057104968,0.00477178059259995,50
feature_noise,2,0.5,2.0,0.010236739720478106,0.04,0.75,144.16,1.4895554740270942,141.0,148.0,0.6507494428995328,0.005034650022780902,50
feature_noise,2,0.5,2.0,0.02343754179523752,0.04,0.75,144.0,1.4142135623730951,141.0,148.0,0.6510562173679177,0.00485845642183105,50
feature_noise,2,0.5,2.0,-0.040466842622197984,0.04,0.75,144.04,1.339509505112119,141.0,146.0,0.6510304301472577,0.004709657238083278,50
feature_noise,2,0.5,2.0,0.044410300686093286,0.04,0.75,144.22,1.5424602664151152,140.0,147.0,0.6503496423046684,0.005650118733685356,50
feature_noise,2,0.5,3.0,0.0,0.04,0.75,143.92,1.8164778657431238,140.0,149.0,0.6513778454419041,0.006203871325188104,50
feature_noise,2,0.5,3.0,0.014865017318473558,0.04,0.75,144.28,2.0999514085729096,140.0,150.0,0.6501743372402089,0.007436507397241007,50
feature_noise,2,0.5,3.0,-0.0057943776580968685,0.04,0.75,144.5,1.854393569392453,140.0,149.0,0.6495568151601603,0.006513746344865067,50
feature_noise,2,0.5,3.0,0.01899911393957633,0.04,0.75,143.98,2.2268308220886657,139.0,149.0,0.6512546782052852,0.00803771045235629,50
feature_noise,2,0.5,3.0,-0.041886866224532,0.04,0.75,143.96,2.0599187620201067,140.0,148.0,0.6511780461668667,0.007663831288530629,50
feature_noise,2,1.0,0.0,0.0,0.04,0.75,144.3,1.313198307917874,141.0,146.0,0.6501484612917359,0.004259514457133084,50
feature_noise,2,1.0,0.0,-0.014055883794851927,0.04,0.75,144.3,1.6690459207925603,141.0,149.0,0.6502806826678416,0.005748726708733825,50
feature_noise,2,1.0,0.0,-0.0014574745148241742,0.04,0.75,144.22,1.4468826447763836,142.0,147.0,0.650401207684375,0.00527102532397291,50
feature_noise,2,1.0,0.0,-0.09439631443277449,0.04,0.75,144.06,1.47648230602334,141.0,147.0,0.6509220654681198,0.0052760186449112316,50
feature_noise,2,1.0,0.0,-0.16122362088780556,0.04,0.75,143.76,1.7327576228635777,139.0,148.0,0.6519707113587261,0.005893146997492065,50
feature_noise,2,1.0,0.5,0.0,0.04,0.75,144.06,1.6087769470334048,141.0,148.0,0.6510912888095345,0.005663775516734896,50
feature_noise,2,1.0,0.5,-0.008126403762562266,0.04,0.75,144.42,1.796709009635707,140.0,148.0,0.6497254354853808,0.006321135264390988,50
feature_noise,2,1.0,0.5,0.00866677096085952,0.04,0.75,144.08,1.6268160966270584,141.0,147.0,0.6508586262273804,0.005695666811549081,50
feature_noise,2,1.0,0.5,0.0006104775699595989,0.04,0.75,143.94,1.7660055238317012,140.0,148.0,0.6512520172185696,0.006414174554502794,50
feature_noise,2,1.0,0.5,0.008067309840142731,0.04,0.75,143.86,1.428714278572143,140.0,147.0,0.6517364945025049,0.004726686082904064,50
feature_noise,2,1.0,1.0,0.0,0.04,0.75,144.46,1.4874989281422994,140.0,147.0,0.6495779358612398,0.005333227530541352,50
feature_noise,2,1.0,1.0,-0.0066085963334739095,0.04,0.75,144.58,1.4858516420022614,142.0,149.0,0.6494726400806278,0.00525538221612523,50
feature_noise,2,1.0,1.0,-0.022796444895423602,0.04,0.75,143.8,1.7023393268304265,140.0,148.0,0.6517324157656362,0.0060040267426906815,50
feature_noise,2,1.0,1.0,0.0011583867082925778,0.04,0.75,143.68,1.6956125857094617,140.0,147.0,0.6523807402739539,0.006019469017702137,50
feature_noise,2,1.0,1.0,-0.07966380716987198,0.04,0.75,144.48,1.7289846023322595,140.0,149.0,0.6496751111501899,0.005796421340619929,50
feature_noise,2,1.0,2.0,0.0,0.04,0.75,143.86,1.7380495753949636,141.0,147.0,0.6517330592684963,0.006073463086482529,50
feature_noise,2,1.0,2.0,-0.00205867360591852,0.04,0.75,144.52,1.9403344967256737,140.0,148.0,0.6494043578136341,0.006859661903973725,50
feature_noise,2,1.0,2.0,-0.02587562600550667,0.04,0.75,144.36,2.1548237297102633,139.0,148.0,0.6503521196895017,0.007549075601743331,50
feature_noise,2,1.0,2.0,0.041477663428946786,0.04,0.75,144.46,2.5088415084029747,138.0,152.0,0.6498019770896767,0.008657911807272071,50
feature_noise,2,1.0,2.0,-0.034201570842484576,0.04,0.75,143.94,1.6831699927487407,141.0,147.0,0.6512217546981757,0.006044275764293608,50
feature_noise,2,1.0,3.0,0.0,0.04,0.75,143.8,2.6726124191242437,136.0,150.0,0.6519494136042434,0.009574717399111045,50
feature_noise,2,1.0,3.0,0.007893006167743093,0.04,0.75,143.94,2.289372073254131,140.0,151.0,0.6513298623592249,0.007956834878342884,50
feature_noise,2,1.0,3.0,-0.0021586926071404332,0.04,0.75,144.46,2.0123090605327105,139.0,148.0,0.6495719297743783,0.00742769838661879,50
feature_noise,2,1.0,3.0,0.08297460801400283,0.04,0.75,144.16,2.35917661181063,140.0,150.0,0.6505619686278525,0.00825391775370717,50
feature_noise,2,1.0,3.0,-0.07158180058134893,0.04,0.75,144.58,2.186134413404031,140.0,150.0,0.6491135090125666,0.007677315613255546,50
feature_noise,2,1.5,0.0,0.0,0.04,0.75,144.36,2.145331904296358,138.0,151.0,0.6503142383367646,0.007758424082326865,50
feature_noise,2,1.5,0.0,-0.00020276772839438533,0.04,0.75,144.2,2.0898198340468275,140.0,149.0,0.6504444544898575,0.007416575217183143,50
feature_noise,2,1.5,0.0,0.03443342557424553,0.04,0.75,144.52,2.09216224445975,140.0,149.0,0.6494523966800497,0.007447350585940751,50
feature_noise,2,1.5,0.0,0.008341704138294102,0.04,0.75,143.98,2.084833473504514,140.0,150.0,0.651135923001556,0.007492550982586848,50
feature_noise,2,1.5,0.0,0.08845183607643,0.04,0.75,144.2,2.2497165354319457,139.0,149.0,0.6502329622830865,0.007738640763995474,50
feature_noise,2,1.5,0.5,0.0,0.04,0.75,144.1,2.4348657927227584,137.0,148.0,0.6509766369577751,0.009164287401204462,50
feature_noise,2,1.5,0.5,-0.0031071076183590506,0.04,0.75,143.54,2.242538648905908,139.0,148.0,0.6530441718120259,0.008135611241314091,50
feature_noise,2,1.5,0.5,0.009341512979743203,0.04,0.75,144.12,2.3267740653145523,138.0,149.0,0.6510077399882913,0.00826224480424331,50
feature_noise,2,1.5,0.5,0.08797153620673188,0.04,0.75,144.44,2.110807950544443,141.0,150.0,0.6499205924841823,0.007395150207797793,50
feature_noise,2,1.5,0.5,-0.12022922639702752,0.04,0.75,143.8,2.258769757263128,139.0,149.0,0.6519057309901553,0.007880889818091933,50
feature_noise,2,1.5,1.0,0.0,0.04,0.75,144.26,2.4227661707988553,139.0,149.0,0.650535795189854,0.008733647830465761,50
feature_noise,2,1.5,1.0,-0.0017424589894040501,0.04,0.75,143.98,2.6610570249049377,138.0,151.0,0.6512693675775849,0.009280313488372539,50
feature_noise,2,1.5,1.0,-0.015539904125689681,0.04,0.75,144.46,2.628027894114691,139.0,151.0,0.6496710820815429,0.00919988563100286,50
feature_noise,2,1.5,1.0,0.0011260045101573813,0.04,0.75,143.82,2.31842663045789,138.0,151.0,0.6519677676320808,0.008354573704572479,50
feature_noise,2,1.5,1.0,-0.12672796585173216,0.04,0.75,143.68,2.4364577834660395,139.0,150.0,0.6522361507018776,0.008279637532362405,50
feature_noise,2,1.5,2.0,0.0,0.04,0.75,144.04,3.2573934740675647,137.0,150.0,0.6512486068387578,0.011843778399798405,50
feature_noise,2,1.5,2.0,-0.0014603995569921475,0.04,0.75,143.62,2.0090611067392263,140.0,147.0,0.652308473718069,0.007019701463422785,50
feature_noise,2,1.5,2.0,0.02409023306629906,0.04,0.75,144.4,3.077237032648288,137.0,150.0,0.649834104543917,0.010937781279488136,50
feature_noise,2,1.5,2.0,0.02147740108132903,0.04,0.75,144.14,2.6264743187282025,139.0,151.0,0.6506335453752466,0.009173273316558662,50
feature_noise,2,1.5,2.0,-0.05034330125105555,0.04,0.75,144.5,2.2337851101588413,139.0,150.0,0.6493962268231389,0.008125932955966956,50
feature_noise,2,1.5,3.0,0.0,0.04,0.75,145.16,3.1838880095164868,139.0,152.0,0.6473785573521197,0.011157530387056863,50
feature_noise,2,1.5,3.0,0.004670195691476948,0.04,0.75,144.2,2.8784916685156974,137.0,150.0,0.6505774046822443,0.01022105650972436,50
feature_noise,2,1.5,3.0,0.02221780866691074,0.04,0.75,143.74,2.5936342794446183,137.0,148.0,0.6521647259508309,0.009294364528381534,50
feature_noise,2,1.5,3.0,-0.007143394561490559,0.04,0.75,143.8,2.7847983842311326,138.0,150.0,0.6519853363685252,0.009840783164030127,50
feature_noise,2,1.5,3.0,0.14947189365308833,0.04,0.75,143.52,2.6820643891888762,137.0,150.0,0.6530326049317874,0.009693267007041375,50
model_params,2,0.0,0.0,0.0,0.035,0.7,127.0,0.0,127.0,127.0,0.6703810671694664,0.0,50
model_params,2,0.0,0.0,0.0,0.035,0.75,139.0,0.0,139.0,139.0,0.6703810671694664,0.0,50
model_params,2,0.0,0.0,0.0,0.035,0.8,151.0,0.0,151.0,151.0,0.6703810671694664,0.0,50
model_params,2,0.0,0.0,0.0,0.035,0.85,165.0,0.0,165.0,165.0,0.6703810671694664,0.0,50
model_params,2,0.0,0.0,0.0,0.04,0.7,132.0,0.0,132.0,132.0,0.6505776808323893,0.0,50
model_params,2,0.0,0.0,0.0,0.04,0.75,144.0,0.0,144.0,144.0,0.6505776808323893,0.0,50
model_params,2,0.0,0.0,0.0,0.04,0.8,157.0,0.0,157.0,157.0,0.6505776808323893,0.0,50
model_params,2,0.0,0.0,0.0,0.04,0.85,172.0,0.0,172.0,172.0,0.6505776808323893,0.0,50
model_params,2,0.0,0.0,0.0,0.045,0.7,138.0,0.0,138.0,138.0,0.6303556565450892,0.0,50
model_params,2,0.0,0.0,0.0,0.045,0.75,150.0,0.0,150.0,150.0,0.6303556565450892,0.0,50
model_params,2,0.0,0.0,0.0,0.045,0.8,163.0,0.0,163.0,163.0,0.6303556565450892,0.0,50
model_params,2,0.0,0.0,0.0,0.045,0.85,179.0,0.0,179.0,179.0,0.6303556565450892,0.0,50
model_params,2,0.0,0.0,0.0,0.05,0.7,144.0,0.0,144.0,144.0,0.6097664453823195,0.0,50
model_params,2,0.0,0.0,0.0,0.05,0.75,157.0,0.0,157.0,157.0,0.6097664453823195,0.0,50
model_params,2,0.0,0.0,0.0,0.05,0.8,171.0,0.0,171.0,171.0,0.6097664453823195,0.0,50
model_params,2,0.0,0.0,0.0,0.05,0.85,180.0,0.0,180.0,180.0,0.6097664453823195,0.0,50
